id_documento,nome_projeto,requisitos_dialogo,requisitos_funcionais_fr,requisitos_nao_funcionais_nfr,palavras_transcricao,qualidade_tier,arquivo_transcricao,arquivo_gabarito,arquivo_original_pdf
0000-cctns,Crime & Criminal Tracking Network and Systems (CCTNS),60,27,90,2972,A,0000-cctns/transcricao_reuniao.txt,0000-cctns/gabarito_requisitos.json,0000-cctns/requisitos_originais.pdf
0000-gamma-j,Gamma-J Web Store (Connecting Retailers),60,24,43,1633,A,0000-gamma-j/transcricao_reuniao.txt,0000-gamma-j/gabarito_requisitos.json,0000-gamma-j/requisitos_originais.pdf
1995-gemini,Gemini 8m Telescopes System,60,135,161,3302,A,1995-gemini/transcricao_reuniao.txt,1995-gemini/gabarito_requisitos.json,1995-gemini/requisitos_originais.pdf
1998-themas,THEMAS - Energy Management System,60,84,0,2226,B,1998-themas/transcricao_reuniao.txt,1998-themas/gabarito_requisitos.json,1998-themas/requisitos_originais.pdf
1999-dii,Defense Information Infrastructure (DII COE XML Services),19,14,5,1779,B,1999-dii/transcricao_reuniao.txt,1999-dii/gabarito_requisitos.json,1999-dii/requisitos_originais.pdf
1999-tcs,Tactical Control System (TCS),60,254,241,2758,A,1999-tcs/transcricao_reuniao.txt,1999-tcs/gabarito_requisitos.json,1999-tcs/requisitos_originais.pdf
2003-qheadache,QHeadache Diagnostic System,23,19,4,1516,B,2003-qheadache/transcricao_reuniao.txt,2003-qheadache/gabarito_requisitos.json,2003-qheadache/requisitos_originais.pdf
2005-microcare,Voucher Management System (MicroCare),0,0,0,114,C,2005-microcare/transcricao_reuniao.txt,2005-microcare/gabarito_requisitos.json,2005-microcare/requisitos_originais.pdf
2005-phin,Public Health Info Network (PHIN Outbreak Management),60,134,2,2430,B,2005-phin/transcricao_reuniao.txt,2005-phin/gabarito_requisitos.json,2005-phin/requisitos_originais.pdf
2006-eirene-sys-15,EIRENE System Requirements Specification,60,253,91,2775,B,2006-eirene-sys-15/transcricao_reuniao.txt,2006-eirene-sys-15/gabarito_requisitos.json,2006-eirene-sys-15/requisitos_originais.pdf
2007-eirene-fun-7-2,EIRENE Functional Requirements Specification,60,430,107,2949,A,2007-eirene-fun-7-2/transcricao_reuniao.txt,2007-eirene-fun-7-2/gabarito_requisitos.json,2007-eirene-fun-7-2/requisitos_originais.pdf
2007-ertms,ERTMS/ETCS Functional Requirements Specification,60,162,35,2089,A,2007-ertms/transcricao_reuniao.txt,2007-ertms/gabarito_requisitos.json,2007-ertms/requisitos_originais.pdf
2007-get-real-0-2,Get Real 0.2,10,4,6,553,B,2007-get-real-0-2/transcricao_reuniao.txt,2007-get-real-0-2/gabarito_requisitos.json,2007-get-real-0-2/requisitos_originais.pdf
2008-keepass,KeePass Password Safe,54,49,5,1613,A,2008-keepass/transcricao_reuniao.txt,2008-keepass/gabarito_requisitos.json,2008-keepass/requisitos_originais.pdf
2008-peering,Internetworking of CDNs through Peering,27,24,3,809,B,2008-peering/transcricao_reuniao.txt,2008-peering/gabarito_requisitos.json,2008-peering/requisitos_originais.pdf
2009-peppol-approved,Pan-European Public Procurement Online (PEPPOL),60,140,293,3096,A,2009-peppol-approved/transcricao_reuniao.txt,2009-peppol-approved/gabarito_requisitos.json,2009-peppol-approved/requisitos_originais.pdf
2009-video-search,Video Search Engine,30,12,18,865,A,2009-video-search/transcricao_reuniao.txt,2009-video-search/gabarito_requisitos.json,2009-video-search/requisitos_originais.pdf
2010-blitdraft,BlitDraft Specification,57,23,34,1919,A,2010-blitdraft/transcricao_reuniao.txt,2010-blitdraft/gabarito_requisitos.json,2010-blitdraft/requisitos_originais.pdf
